Workbook

Sheet Normalized
A1: County | B1: all drug overdose share | C1: hospitalization share | D1: nalxone share | E1: MME adjusted share | F1: population share | G1: a_min_i | H1: a_max_i | I1: FIPS | J1: RUCC_2023 | K1: rural_urban_binary | L1: health_factors_rank | M1: health_rank_binary | N1: income_rank_binary
A2: Adams | B2: 0.0035330887 | C2: 0.0046668081 | D2: 0.0030093289 | E2: 0.0024601906 | F2: 0.0080107696 | G2: =MIN(B2:E2) -> 0.0024601906 | H2: =MAX(B2:E2) -> 0.0046668081 | I2: 42001 | J2: 3 | K2: 0 | L2: 9 | M2: 0 | N2: =VLOOKUP(Normalized!A2,'Median Income'!$A$1:$D$69,4,FALSE) -> 0
A3: Allegheny | B3: 0.12687412 | C3: 0.085002576 | D3: 0.13501856 | E3: 0.10243501 | F3: 0.095511952 | G3: =MIN(B3:E3) -> 0.085002576 | H3: =MAX(B3:E3) -> 0.13501856 | I3: 42003 | J3: 1 | K3: 0 | L3: 13 | M3: 0 | N3: =VLOOKUP(Normalized!A3,'Median Income'!$A$1:$D$69,4,FALSE) -> 0
A4: Armstrong | B4: 0.0072473615 | C4: 0.0026970514 | D4: 0.007071923 | E4: 0.0060511489 | F4: 0.0051492667 | G4: =MIN(B4:E4) -> 0.0026970514 | H4: =MAX(B4:E4) -> 0.0072473615 | I4: 42005 | J4: 1 | K4: 0 | L4: 58 | M4: 1 | N4: =VLOOKUP(Normalized!A4,'Median Income'!$A$1:$D$69,4,FALSE) -> 1
A5: Beaver | B5: 0.015944195 | C5: 0.0076972029 | D5: 0.0067709901 | E5: 0.017351641 | F5: 0.012964282 | G5: =MIN(B5:E5) -> 0.0067709901 | H5: =MAX(B5:E5) -> 0.017351641 | I5: 42007 | J5: 1 | K5: 0 | L5: 30 | M5: 0 | N5: =VLOOKUP(Normalized!A5,'Median Income'!$A$1:$D$69,4,FALSE) -> 0
A6: Bedford | B6: 0.0025818725 | C6: 0.0014545895 | D6: 0.001354198 | E6: 0.0016257795 | F6: 0.0037788286 | G6: =MIN(B6:E6) -> 0.001354198 | H6: =MAX(B6:E6) -> 0.0025818725 | I6: 42009 | J6: 8 | K6: 1 | L6: 34 | M6: 1 | N6: =VLOOKUP(Normalized!A6,'Median Income'!$A$1:$D$69,4,FALSE) -> 1
A7: Berks | B7: 0.022195045 | C7: 0.024000727 | D7: 0.01564851 | E7: 0.010504344 | F7: 0.032679828 | G7: =MIN(B7:E7) -> 0.010504344 | H7: =MAX(B7:E7) -> 0.024000727 | I7: 42011 | J7: 2 | K7: 0 | L7: 47 | M7: 1 | N7: =VLOOKUP(Normalized!A7,'Median Income'!$A$1:$D$69,4,FALSE) -> 0
A8: Blair | B8: 0.0078815056 | C8: 0.0063638292 | D8: 0.0090279868 | E8: 0.0092193433 | F8: 0.0096280117 | G8: =MIN(B8:E8) -> 0.0063638292 | H8: =MAX(B8:E8) -> 0.0092193433 | I8: 42013 | J8: 3 | K8: 0 | L8: 26 | M8: 0 | N8: =VLOOKUP(Normalized!A8,'Median Income'!$A$1:$D$69,4,FALSE) -> 1
A9: Bradford | B9: 0.0030801286 | C9: 0.0015151974 | D9: 0.001253887 | E9: 0.0023181925 | F9: 0.0047658881 | G9: =MIN(B9:E9) -> 0.001253887 | H9: =MAX(B9:E9) -> 0.0030801286 | I9: 42015 | J9: 6 | K9: 1 | L9: 37 | M9: 1 | N9: =VLOOKUP(Normalized!A9,'Median Income'!$A$1:$D$69,4,FALSE) -> 1
A10: Bucks | B10: 0.049689722 | C10: 0.06500197 | D10: 0.051609991 | E10: 0.074137826 | F10: 0.049001644 | G10: =MIN(B10:E10) -> 0.049689722 | H10: =MAX(B10:E10) -> 0.074137826 | I10: 42017 | J10: 1 | K10: 0 | L10: 3 | M10: 0 | N10: =VLOOKUP(Normalized!A10,'Median Income'!$A$1:$D$69,4,FALSE) -> 0
A11: Butler | B11: 0.015581827 | C11: 0.010909421 | D11: 0.016400843 | E11: 0.0099946851 | F11: 0.014611153 | G11: =MIN(B11:E11) -> 0.0099946851 | H11: =MAX(B11:E11) -> 0.016400843 | I11: 42019 | J11: 1 | K11: 0 | L11: 6 | M11: 0 | N11: =VLOOKUP(Normalized!A11,'Median Income'!$A$1:$D$69,4,FALSE) -> 0
A12: Cambria | B12: 0.016170675 | C12: 0.0060607897 | D12: 0.010783429 | E12: 0.030169242 | F12: 0.010398209 | G12: =MIN(B12:E12) -> 0.0060607897 | H12: =MAX(B12:E12) -> 0.030169242 | I12: 42021 | J12: 3 | K12: 0 | L12: 41 | M12: 1 | N12: =VLOOKUP(Normalized!A12,'Median Income'!$A$1:$D$69,4,FALSE) -> 1
A13: Cameron | B13: 0.00040766408 | C13: 0.0012121579 | D13: 0.00030093289 | E13: 0.0012625022 | F13: 0.00036047291 | G13: =MIN(B13:E13) -> 0.00030093289 | H13: =MAX(B13:E13) -> 0.0012625022 | I13: 42023 | J13: 9 | K13: 1 | L13: 61 | M13: 1 | N13: =VLOOKUP(Normalized!A13,'Median Income'!$A$1:$D$69,4,FALSE) -> 1
... A68: York | B68: 0.027041718 | C68: 0.029152399 | D68: 0.028839402 | E68: 0.016494279 | F68: 0.034832815 | G68: =MIN(B68:E68) -> 0.016494279 | H68: =MAX(B68:E68) -> 0.029152399 | I68: 42133 | J68: 2 | K68: 0 | L68: 16 | M68: 0 | N68: =VLOOKUP(Normalized!A68,'Median Income'!$A$1:$D$69,4,FALSE) -> 0

Sheet Median Income
A1: County | B1: FIPS | C1: Value (Dollars) | D1: Low Income
A2: Pennsylvania | B2: 42000 | C2: =MEDIAN(C3:C69) -> 64758
A3: Cameron | B3: 42023 | C3: 47681 | D3: =IF(C3<$C$2,1,0) -> 1
A4: Forest | B4: 42053 | C4: 50061 | D4: =IF(C4<$C$2,1,0) -> 1
A5: Fayette | B5: 42051 | C5: 56093 | D5: =IF(C5<$C$2,1,0) -> 1
A6: Cambria | B6: 42021 | C6: 56292 | D6: =IF(C6<$C$2,1,0) -> 1
A7: Jefferson | B7: 42065 | C7: 56898 | D7: =IF(C7<$C$2,1,0) -> 1
A8: Northumberland | B8: 42097 | C8: 57948 | D8: =IF(C8<$C$2,1,0) -> 1
A9: Indiana | B9: 42063 | C9: 58739 | D9: =IF(C9<$C$2,1,0) -> 1
A10: Clinton | B10: 42035 | C10: 58842 | D10: =IF(C10<$C$2,1,0) -> 1
A11: Warren | B11: 42123 | C11: 59013 | D11: =IF(C11<$C$2,1,0) -> 1
A12: Somerset | B12: 42111 | C12: 59378 | D12: =IF(C12<$C$2,1,0) -> 1
A13: Potter | B13: 42105 | C13: 59840 | D13: =IF(C13<$C$2,1,0) -> 1
A14: Clearfield | B14: 42033 | C14: 60181 | D14: =IF(C14<$C$2,1,0) -> 1
... A69: Chester | B69: 42029 | C69: 123041 | D69: =IF(C69<$C$2,1,0) -> 0

Sheet Legend
A1: Column Reference
A2: Column | B2: Values | C2: Meaning
A3: rural_urban_binary | B3: 0 | C3: Urban — RUCC codes 1–3 (metro areas)
A4: rural_urban_binary | B4: 1 | C4: Rural — RUCC codes 4–9 (non-metro areas)
A5: health_rank_binary | B5: 0 | C5: Top half — Health Factors rank 1–33 (better health)
A6: health_rank_binary | B6: 1 | C6: Bottom half — Health Factors rank 34–67 (worse health)
A7: Source: County Health Rankings & Roadmaps 2023, University of Wisconsin Population Health Institute
